rank,name,symbol,price,ath,ath_date,atl,atl_date,max_rise_pct,from_ath_pct,change_24h,change_7d,change_30d,volume_24h,market_cap,liquidity_ratio,score,status
99,LayerZero,ZRO,189.74,632.92,2024-12-06,67.47,2026-07-31,838.08,-70.02,-1.5087,21.9177,91.7245,10442940483.0,67011452760.0,0.1558,91,Strong Watch
26,Sui,SUI,117.49,458.6,2025-01-04,30.36,2023-10-19,1410.54,-74.38,3.25763,-3.8543,60.7532,69580718295.0,483978614448.0,0.1438,87,Strong Watch
443,Centrifuge,CFG,14.78,34.96,2025-08-24,6.08,2026-02-05,475.0,-57.72,0.48817,-7.1675,53.9456,896080044.0,5626396584.0,0.1593,86,Strong Watch
44,Ethena,ENA,23.28,126.48,2024-04-11,6.64,2026-06-30,1804.82,-81.59,1.15962,-11.6957,48.3704,28063167150.0,241161486789.0,0.1164,85,Strong Watch
208,Sentient,SENT,2.26,4.41,2026-01-31,1.081,2026-07-29,307.96,-48.75,5.2909,5.405,77.6209,1955293767.0,16382990748.0,0.1193,84,Strong Watch
209,Meteora,MET,29.07,60.33,2025-10-23,9.01,2026-06-06,569.59,-51.82,-2.09004,-18.6029,64.5738,1204562570.0,16202468199.0,0.0743,84,Strong Watch
336,RE,RE,50.31,101.95,2026-06-20,34.44,2026-07-20,196.02,-50.65,3.07524,6.1423,18.7861,1218385545.0,8028629361.0,0.1518,84,Strong Watch
130,Monad,MON,3.21,4.36,2025-11-26,1.48,2026-02-05,194.59,-26.38,-2.30722,22.3578,34.7482,4860151072.0,37953981286.0,0.1281,83,Strong Watch
40,Pump.fun,PUMP,0.620271,0.77853,2025-09-14,0.10906,2026-06-25,613.85,-20.33,2.5313,28.199,55.1026,32136302654.0,287972812574.0,0.1116,82,Strong Watch
460,MegaETH,MEGA,4.7,20.67,2026-04-30,2.88,2026-08-14,617.71,-77.26,-1.44339,12.7571,27.7168,771043572.0,5313904297.0,0.1451,82,Strong Watch
332,Spark,SPK,2.39,15.93,2025-07-23,1.25,2026-08-19,1174.4,-85.0,-1.12019,2.6436,23.6854,805687708.0,8185705307.0,0.0984,81,Strong Watch
377,Espresso,ESP,10.12,19.77,2026-02-24,4.73,2026-02-15,317.97,-48.81,3.16131,2.1448,24.8976,1554133694.0,6994509806.0,0.2222,80,Strong Watch
427,Huma Finance,HUMA,3.44,9.84,2025-05-26,1.008,2026-02-26,876.19,-65.04,6.72908,23.708,65.0424,1012930610.0,5963390334.0,0.1699,80,Strong Watch
77,Jupiter,JUP,32.13,166.05,2024-01-31,12.3,2026-02-12,1250.0,-80.65,0.99713,-8.7343,54.9365,5731912648.0,106611342257.0,0.0538,79,Watch
105,Pudgy Penguins,PENGU,0.931056,5.81,2024-12-17,0.320882,2025-04-08,1710.63,-83.97,4.90243,-4.7685,16.1012,14457697488.0,58511565759.0,0.2471,78,Watch
695,OpenGradient,OPG,13.08,45.17,2026-04-22,7.84,2026-08-28,476.15,-71.04,3.93862,3.6607,36.0902,891122031.0,3004240024.0,0.2966,78,Watch
783,GRVT Token,GRVT,21.55,43.44,2026-07-30,13.85,2026-09-02,213.65,-50.39,3.97272,10.7335,37.1956,324341546.0,2463679061.0,0.1316,78,Watch
93,Midnight,NIGHT,4.3,10.66,2025-12-09,1.47,2026-07-20,625.17,-59.66,-7.94354,65.7148,109.6005,3229589118.0,71335848755.0,0.0453,77,Watch
229,DGrid AI,DGAI,95.49,108.97,2026-09-21,34.88,2026-08-24,212.41,-12.37,-5.48406,-2.2741,26.123,2089597902.0,14323919211.0,0.1459,77,Watch
216,GoMining Token,GOMINING,38.95,48.04,2025-08-10,5.65,2022-11-09,750.27,-18.92,0.35105,8.178,17.5533,1808052749.0,15696561630.0,0.1152,76,Watch
334,KAITO,KAITO,33.54,251.64,2025-02-27,24.93,2026-02-05,909.39,-86.67,0.45204,-2.9742,15.1773,1245894372.0,8094148373.0,0.1539,76,Watch
810,The Interfold,FOLD,7.1,16.73,2026-08-23,3.31,2026-08-19,405.44,-57.56,1.43549,3.7576,26.0582,831598024.0,2350171954.0,0.3538,76,Watch
919,Citrea,CTR,1.24,3.7,2026-05-26,0.672514,2026-07-27,450.17,-66.49,1.18584,5.9053,30.6571,669213824.0,1856164877.0,0.3605,75,Watch
163,Ape and Pepe,APEPE,0.00012754,0.00058203,2024-11-21,5.75e-05,2025-09-17,912.23,-78.09,2.06605,1.8184,18.069,1143486410.0,26783559556.0,0.0427,74,Watch
167,Zebec Network,ZBCN,0.251407,0.59785,2025-05-29,0.058786,2024-08-05,916.99,-57.95,5.72831,28.6486,41.3875,834188269.0,25138422208.0,0.0332,74,Watch
278,Pharos,PROS,77.36,107.33,2026-04-28,30.66,2026-07-21,250.07,-27.92,12.87948,23.2145,97.8571,2161530740.0,10490427570.0,0.206,74,Watch
479,Aztec,AZTEC,1.69,3.62,2026-02-20,1.082,2026-08-18,234.57,-53.31,2.84518,-1.5891,17.2785,303057975.0,4974584511.0,0.0609,74,Watch
137,Kite,KITE,14.22,29.33,2026-03-06,5.48,2025-11-04,435.22,-51.52,-4.61816,-3.8375,8.6309,1520431860.0,33997141002.0,0.0447,73,Watch
153,Maple Finance,SYRUP,25.11,56.23,2025-06-25,7.31,2025-04-06,669.22,-55.34,2.11669,19.5606,19.8055,899792187.0,29320373859.0,0.0307,73,Watch
184,Zama,ZAMA,8.32,10.27,2026-09-23,1.52,2026-02-12,575.66,-18.99,-2.29543,5.7358,72.2701,1490639474.0,21202945106.0,0.0703,73,Watch
271,deBridge,DBR,1.85,4.69,2024-12-21,1.14,2025-06-13,311.4,-60.55,2.05619,-15.2049,29.6482,98856477.0,10974923890.0,0.009,73,Watch
449,Arcium,ARX,26.61,44.18,2026-06-22,9.74,2026-08-17,353.59,-39.77,-1.87888,11.5381,102.7427,324738933.0,5544650715.0,0.0586,72,Watch
201,BUILDon,B,17.29,73.03,2026-05-14,7.36,2025-10-10,892.26,-76.32,0.8003,-6.9001,31.2878,326157817.0,17286855597.0,0.0189,71,Watch
353,ONEchain,ONE,13.98,37.66,2025-07-17,4.0,2025-07-05,841.5,-62.88,-2.3682,-2.805,48.7697,252093915.0,7369678753.0,0.0342,71,Watch
310,RedStone,RED,16.98,81.22,2025-03-06,7.88,2026-08-17,930.71,-79.09,-1.99559,3.9263,46.022,229805568.0,9067932532.0,0.0253,70,Watch
748,Gensyn,AI,2.02,10.17,2026-04-29,1.72,2026-09-16,491.28,-80.14,2.34208,-0.2195,5.9013,258949834.0,2635184283.0,0.0983,70,Watch
889,Enso,ENSO,96.19,411.4,2025-10-14,49.36,2026-01-20,733.47,-76.62,3.60598,-2.3895,18.6734,198291268.0,1980176557.0,0.1001,70,Watch
64,HTX DAO,HTX,0.00016567,0.00031771,2024-12-03,6.739e-05,2024-08-05,371.45,-47.85,0.94006,1.7,4.5875,4840672465.0,148806284021.0,0.0325,69,Watch
134,BitTorrent,BTT,3.609e-05,0.00025579,2022-01-20,2.414e-05,2026-06-30,959.61,-85.89,0.29243,0.0615,25.9664,1004229491.0,35624433645.0,0.0282,69,Watch
282,Genius,GENIUS,30.88,88.28,2026-04-18,25.93,2026-04-13,240.46,-65.02,-1.28968,-2.791,9.5269,299719134.0,10356118133.0,0.0289,69,Watch
298,USD.AI,CHIP,4.79,13.16,2026-04-23,2.06,2026-08-09,538.83,-63.6,13.30285,5.9584,-11.075,1522639173.0,9584521840.0,0.1589,69,Watch
569,Succinct,PROVE,20.4,149.95,2025-08-11,13.66,2026-08-14,997.73,-86.4,-1.69461,-9.5767,19.0541,368174994.0,3977498085.0,0.0926,69,Watch
656,Edel,EDEL,4.75,9.84,2025-11-19,0.499515,2026-05-09,1869.91,-51.73,3.97476,91.7301,358.0246,461247343.0,3240286239.0,0.1423,69,Watch
682,Canopy,CNPY,27.62,64.05,2026-09-17,14.87,2026-09-08,330.73,-56.88,-0.81875,-29.1849,,2069927299.0,3058747759.0,0.6767,69,Watch
53,Mantle,MNT,64.2,253.43,2025-10-08,25.64,2023-10-17,888.42,-74.67,3.68754,-1.2267,16.0724,2103978354.0,211992344873.0,0.0099,68,Watch
277,MarsCoin,MARSCOIN,10.51,24.88,2026-09-05,2.23,2026-08-21,1015.7,-57.76,-2.48416,-12.5814,-45.9688,1821460051.0,10511550245.0,0.1733,68,Watch
619,Teller,DEBIT,204.5,408.64,2026-09-13,104.58,2026-08-27,290.74,-49.96,-13.83925,9.1631,19.2422,5000352465.0,3521765090.0,1.4198,68,Watch
178,Kamino,KMNO,3.9,21.02,2024-12-15,1.28,2026-06-06,1542.19,-81.45,-0.01474,-15.8401,62.3023,313008927.0,22184981582.0,0.0141,67,Watch
288,SoSoValue,SOSO,29.29,122.43,2025-01-25,24.56,2026-09-17,398.49,-76.08,-0.20649,-4.7325,-1.0335,284520207.0,9983806694.0,0.0285,67,Watch
885,BSquared Network,B2,48.02,185.38,2025-10-26,27.36,2025-06-14,577.56,-74.1,0.0519,-2.4697,18.2456,132813685.0,1995049180.0,0.0666,67,Watch
952,Epic Chain,EPIC,51.11,278.29,2025-08-20,18.32,2026-05-29,1419.05,-81.63,4.04294,2.1672,46.7902,354915693.0,1717343409.0,0.2067,67,Watch
61,World Liberty Financial,WLFI,5.3,29.22,2025-09-01,4.61,2026-09-11,533.84,-81.86,0.14303,-5.6635,-1.8507,1967288772.0,168442143911.0,0.0117,66,Watch
75,POL (ex-MATIC),POL,10.58,106.68,2024-03-13,6.41,2026-07-01,1564.27,-90.08,-0.36101,-9.4412,18.7985,4471854198.0,112395518476.0,0.0398,66,Watch
302,MAG7.ssi,MAG7.SSI,55.54,114.99,2024-12-27,35.49,2026-06-25,224.01,-51.7,1.70952,2.3043,8.9755,44736038.0,9309781154.0,0.0048,66,Watch
521,Magma Finance,MAGMA,23.25,77.18,2026-07-04,6.49,2026-04-02,1089.21,-69.88,-1.42968,13.3487,-11.5505,636880760.0,4417693101.0,0.1442,66,Watch
678,Irys,IRYS,1.54,8.24,2026-05-15,1.17,2026-07-14,604.27,-81.31,-0.18062,-4.3147,13.559,167517276.0,3085247814.0,0.0543,66,Watch
83,Lighter,LIT,354.85,705.52,2025-12-30,73.21,2026-03-31,863.69,-49.7,3.3237,-20.7753,-21.9792,7511311021.0,88711658645.0,0.0847,65,Watch
218,Vaulta,A,9.36,66.55,2025-05-28,5.47,2026-06-25,1116.64,-85.94,1.98828,-6.1541,25.4629,499368664.0,15642085233.0,0.0319,65,Watch
291,Purr,PURR,16.44,58.58,2024-12-16,3.82,2025-12-18,1433.51,-71.94,1.23046,10.2601,53.7242,112417776.0,9777783274.0,0.0115,65,Watch
340,牛来 (Niu Lai),牛来,7.85,15.53,2026-09-13,1.009,2026-08-16,1439.15,-49.45,-0.36941,-20.5512,-1.9495,899535011.0,7854966353.0,0.1145,65,Watch
712,MANTRA,MANTRA,0.440602,2.42,2026-03-04,0.363519,2026-09-10,565.71,-81.79,0.43188,-2.428,2.4778,196747742.0,2891629876.0,0.068,65,Watch
860,Brevis,BREV,8.36,50.32,2026-01-07,5.98,2026-08-18,741.47,-83.39,2.2543,-3.7648,10.9239,168789328.0,2091126364.0,0.0807,65,Watch
186,Shuffle,SHFL,43.31,68.95,2026-09-28,11.99,2024-12-17,475.06,-37.19,7.25947,-28.8388,44.5266,77339167.0,21109784767.0,0.0037,64,Monitor
215,Vision,VSN,4.14,19.64,2025-08-11,2.71,2026-06-06,624.72,-78.92,-1.67483,-1.9878,5.7347,191846992.0,15720934346.0,0.0122,64,Monitor
292,Cap,CAP,6.22,8.52,2026-10-01,1.48,2026-07-12,475.68,-27.0,-6.13322,22.9037,45.4503,431197387.0,9708634973.0,0.0444,64,Monitor
383,Linea,LINEA,0.277221,4.11,2025-09-10,0.198068,2026-08-19,1975.04,-93.25,1.69476,-3.9325,13.3956,646962496.0,6799715277.0,0.0951,64,Monitor
528,AI Powered Finance,AIPF,52.48,215.52,2026-05-19,34.28,2026-09-17,528.7,-75.65,-1.89679,-0.5183,29.9008,38040527.0,4352688118.0,0.0087,64,Monitor
901,ubik,UBIK,1.94,3.81,2026-09-12,0.561947,2026-09-05,578.0,-49.08,10.66986,-12.064,147.5442,223537384.0,1935929327.0,0.1155,64,Monitor
50,Sky,SKY,9.3,9.43,2026-10-05,3.12,2025-02-02,202.24,-1.38,6.04208,20.0605,44.6148,2477855347.0,217779682555.0,0.0114,63,Monitor
132,Falcon Finance,FF,11.06,68.38,2025-09-29,5.45,2026-07-07,1154.68,-83.83,0.24142,-12.1592,6.1218,620235333.0,36947836349.0,0.0168,63,Monitor
394,Babylon,BABY,1.34,14.32,2025-04-12,0.909205,2026-08-16,1475.0,-90.64,3.44138,-1.8153,25.2756,341204100.0,6524728067.0,0.0523,63,Monitor
620,Sign,SIGN,1.24,11.64,2025-09-23,0.593449,2026-08-14,1861.42,-89.35,2.0687,-7.0347,32.7515,302601096.0,3518360066.0,0.086,63,Monitor
700,KiiChain,KII,8.5,9.34,2026-08-14,0.960718,2026-08-22,872.19,-8.99,0.93838,10.3636,40.3829,1289361399.0,2987425056.0,0.4316,63,Monitor
25,Canton,CC,12.43,17.72,2026-01-31,5.31,2025-12-06,233.71,-29.85,2.69553,-4.6693,21.3198,1022032761.0,494240921244.0,0.0021,62,Monitor
32,Gram (prev. Toncoin),GRAM,146.57,689.6,2024-06-14,38.25,2021-09-20,1702.88,-78.75,0.49208,-5.93,9.9266,2176823039.0,413046015685.0,0.0053,62,Monitor
718,Apro,AT,12.47,75.44,2025-10-24,7.19,2025-12-17,949.24,-83.47,-2.37644,-15.0335,-15.2814,1122661201.0,2868011593.0,0.3914,62,Monitor
867,Capybobo,PYBOBO,0.061399,0.102816,2026-01-26,0.03623038,2026-09-09,183.78,-40.28,-0.98167,9.4166,62.6781,84000160.0,2063675604.0,0.0407,62,Monitor
136,Pearl,PRL,104.21,168.19,2026-09-23,13.51,2026-07-23,1144.93,-38.04,1.87334,-29.1167,189.3007,229918568.0,34882448024.0,0.0066,61,Monitor
233,Geodnet,GEOD,30.72,35.08,2026-09-18,2.83,2023-09-13,1139.58,-12.43,12.06784,17.9331,41.7451,721904203.0,14217560602.0,0.0508,61,Monitor
258,Ozone Chain,OZO,12.6,40.49,2024-04-29,4.99,2023-10-07,711.42,-68.88,-0.11523,0.2605,-0.0912,19514205.0,12106105235.0,0.0016,61,Monitor
321,Kinetiq,KNTQ,30.22,43.4,2026-10-01,3.23,2025-12-17,1243.65,-30.37,3.02337,-6.7188,58.4267,220391612.0,8474919974.0,0.026,61,Monitor
406,Boner Coin,BONER,6.35,7.78,2026-09-07,2.72,2026-09-14,186.03,-18.38,16.39688,60.0965,56.7908,375210468.0,6354875031.0,0.059,61,Monitor
626,Super Inu,SI,3.47,6.5,2026-09-30,2.87,2026-10-02,126.48,-46.62,-11.96086,,,1439117411.0,3445681472.0,0.4177,61,Monitor
721,Swarm Network,TRUTH,1.37,4.44,2025-11-09,0.759258,2026-01-01,484.78,-69.14,-2.01505,9.9237,14.9296,89753344.0,2857749178.0,0.0314,61,Monitor
962,pipedog,PIPEDOG,0.134728,0.506453,2026-07-29,0.134122,2026-10-05,277.61,-73.4,-0.72373,-25.7766,-33.5213,222608390.0,1664332767.0,0.1338,61,Monitor
56,Morpho,MORPHO,265.17,361.23,2025-01-17,60.2,2024-11-24,500.05,-26.59,-1.05104,1.8461,7.3147,2019732766.0,185592026003.0,0.0109,60,Monitor
171,Kaia,KAIA,3.61,34.46,2024-12-02,2.07,2026-08-19,1564.73,-89.52,0.46779,6.0785,24.003,320421638.0,23251046225.0,0.0138,60,Monitor
493,Alchemist AI,ALCH,4.8,22.0,2025-12-17,1.24,2025-02-24,1674.19,-78.18,2.44148,-17.0064,57.9916,97352347.0,4793109650.0,0.0203,60,Monitor
558,DAPPOS,DOS,20.63,135.92,2026-08-10,18.1,2026-09-16,650.94,-84.82,0.56668,-4.8262,-10.6872,226277032.0,4122323084.0,0.0549,60,Monitor
752,Zest Protocol,ZEST,17.92,33.14,2026-06-09,6.34,2026-05-19,422.71,-45.93,-1.62894,4.0363,49.6146,76896605.0,2616644771.0,0.0294,60,Monitor
96,​​Stable,STABLE,2.56,4.14,2026-05-14,0.827533,2025-12-23,400.28,-38.16,-0.35769,-2.703,-7.7775,786677781.0,69019501361.0,0.0114,59,Monitor
133,Pieverse,PIEVERSE,129.81,190.03,2026-09-21,10.59,2025-11-14,1694.43,-31.69,6e-05,-11.8995,33.5485,169809437.0,35663018984.0,0.0048,59,Monitor
463,Acurast,ACU,13.13,28.94,2026-01-23,6.21,2026-06-06,366.02,-54.63,3.52644,0.3837,-6.8792,144842262.0,5284897143.0,0.0274,59,Monitor
662,Spacecoin,SPACE,0.50752,2.39,2026-01-23,0.374339,2026-02-09,538.46,-78.76,-0.83291,2.6346,4.5702,98456247.0,3211771298.0,0.0307,59,Monitor
807,Hyperlane,HYPER,6.99,56.93,2025-07-10,5.25,2026-07-31,984.38,-87.72,2.46277,-4.9887,10.7854,183818255.0,2364795803.0,0.0777,59,Monitor
833,MEET48,IDOL,1.046,3.73,2026-01-26,0.842391,2026-09-14,342.79,-71.96,1.33789,-1.9946,-13.1323,154342976.0,2205575059.0,0.07,59,Monitor
921,Felysyum,FELY,42.41,46.57,2026-09-26,20.59,2025-07-03,126.18,-8.93,-0.83242,-4.7467,69.8306,114917458.0,1855961660.0,0.0619,59,Monitor
151,Backpack,BP,119.94,158.08,2026-10-01,11.24,2026-05-25,1306.41,-24.13,3.43291,-10.0238,186.3281,720836331.0,29988083178.0,0.024,58,Monitor
466,BIM,BIM,171.32,268.18,2025-08-24,74.45,2025-04-08,260.21,-36.12,1.42927,1.6322,11.1026,24638961.0,5139710300.0,0.0048,58,Monitor
895,NaoX Protocol,NAORIS,3.28,15.73,2026-05-04,1.28,2025-10-10,1128.91,-79.15,-0.34547,-3.5558,35.1481,58181386.0,1965917612.0,0.0296,58,Monitor
950,Sapien,SAPIEN,7.28,47.53,2025-11-06,5.92,2026-03-29,702.87,-84.68,-0.06651,-5.3655,-4.0255,119480108.0,1718203871.0,0.0695,58,Monitor
509,Anonymous Cat,ZCAT,4.77,16.58,2026-09-07,2.12,2026-09-05,682.08,-71.23,36.42203,-25.9339,,403087308.0,4614830152.0,0.0873,57,Monitor
586,Sahara AI,SAHARA,0.891963,13.86,2025-07-23,0.682284,2026-08-18,1931.41,-93.56,0.56616,-6.3206,0.2113,348868079.0,3780521237.0,0.0923,57,Monitor
899,Perle,PRL,11.14,44.79,2026-08-19,10.03,2026-09-15,346.56,-75.13,-0.2039,-5.369,-6.8128,111560974.0,1949163260.0,0.0572,57,Monitor
185,Collector Crypt,CARDS,23.61,33.67,2025-09-14,1.87,2025-09-01,1700.53,-29.88,-8.43494,19.7696,65.9612,820270830.0,21150827676.0,0.0388,56,Monitor
339,o1.exchange,O,49.33,89.0,2026-06-20,31.58,2026-06-17,181.82,-44.57,-0.02505,-3.5474,-7.0032,131946558.0,7891852642.0,0.0167,56,Monitor
782,OpenLedger,OPEN,11.47,160.01,2025-09-08,10.74,2026-09-02,1389.85,-92.83,3.88359,-12.9423,-1.3426,2385669993.0,2467748976.0,0.9667,56,Monitor
915,Janction,JCT,0.162715,0.93833,2025-11-10,0.095709,2026-02-05,880.4,-82.66,2.17179,-5.8693,-2.0596,119468148.0,1870188434.0,0.0639,56,Monitor
370,Nexpace,NXPC,22.8,323.1,2025-05-15,16.63,2026-08-14,1842.87,-92.94,1.05944,-5.8405,14.3311,250159601.0,7092184491.0,0.0353,55,Monitor
679,KGeN,KGEN,15.45,57.21,2025-10-17,12.44,2026-04-02,359.89,-72.99,0.00802,-1.4951,-10.1601,79751987.0,3068920289.0,0.026,55,Monitor
802,HOME,HOME,0.550407,7.13,2026-06-07,0.471335,2026-07-30,1412.72,-92.28,0.84484,-8.4529,-5.3713,450972704.0,2387447596.0,0.1889,55,Monitor
141,USDai,USDAI,96.19,104.92,2025-09-04,68.25,2025-09-26,53.73,-8.32,-0.13496,-0.0362,-0.0597,42930585.0,32139337085.0,0.0013,54,Monitor
227,SafePal,SFP,29.04,305.14,2021-02-09,18.97,2026-06-26,1508.54,-90.48,1.8369,-3.1799,12.7407,80497047.0,14519300570.0,0.0055,54,Monitor
284,OnRe Tokenized Reinsurance,ONYC,110.7,112.44,2026-07-25,86.02,2025-07-04,30.71,-1.55,-0.05822,0.3299,0.7394,118528426.0,10212958218.0,0.0116,54,Monitor
354,Flying Tulip,FT,15.12,15.48,2026-10-04,6.28,2026-04-22,146.5,-2.33,6.08468,31.5648,57.3354,16723245.0,7361369531.0,0.0023,54,Monitor
514,FastX Network Token,FXNW,34.51,39.4,2026-10-03,32.24,2026-09-23,22.21,-12.41,-6.32919,-0.1379,,294391562.0,4486403159.0,0.0656,54,Monitor
708,COINDEPO,COINDEPO,10.66,12.18,2026-08-07,5.75,2025-12-19,111.83,-12.48,0.1376,6.1097,-2.4397,146423339.0,2921081288.0,0.0501,54,Monitor
873,Doppler Finance,XDP,2.04,2.5,2026-09-29,1.8,2026-10-02,38.89,-18.4,6.19206,,,22134062710.0,2043749745.0,10.8301,54,Monitor
925,Fabric Protocol,ROBO,0.824044,5.56,2026-03-02,0.748343,2026-09-16,642.97,-85.18,1.00005,-7.5077,-27.8871,471553371.0,1838340668.0,0.2565,54,Monitor
179,DoubleZero,2Z,4.31,79.28,2025-10-02,4.3,2026-09-16,1743.72,-94.56,-1.59349,-32.5917,-11.981,1034264333.0,22111229689.0,0.0468,53,Monitor
222,edgeX,EDGE,43.9,148.31,2026-05-22,22.61,2026-07-05,555.95,-70.4,-6.7183,-21.3808,-25.2391,214959269.0,15360670404.0,0.014,53,Monitor
249,Seeker,SKR,1.76,5.11,2026-01-21,0.493987,2026-01-20,934.44,-65.56,3.48908,-2.395,-17.919,212258919.0,12555605590.0,0.0169,53,Monitor
295,Quack AI,Q,2.06,5.4,2026-09-27,0.500022,2026-03-28,979.95,-61.85,-1.96557,-30.8874,-18.8754,208924860.0,9630601903.0,0.0217,53,Monitor
634,Somnia,SOMI,20.81,162.65,2025-09-07,7.81,2026-08-03,1982.59,-87.21,1.2794,-0.1065,85.3649,132006610.0,3333557455.0,0.0396,53,Monitor
705,Paradex,DIME,4.42,6.63,2026-03-05,0.717062,2026-06-28,824.61,-33.33,0.2841,9.9884,301.1404,10914121.0,2952957767.0,0.0037,53,Monitor
727,哈基米 (Hajimi),哈基米,2.82,8.33,2026-09-06,0.423134,2026-03-28,1868.64,-66.15,-3.06158,-13.7043,82.4818,74897664.0,2814087398.0,0.0266,53,Monitor
744,ZEROBASE,ZBT,8.32,90.26,2025-10-17,5.26,2026-02-05,1615.97,-90.78,-0.18077,-3.2985,3.0675,202676456.0,2685087352.0,0.0755,53,Monitor
800,Codatta,XNY,0.658236,2.49,2025-08-15,0.194198,2025-10-10,1182.2,-73.56,0.09859,-2.9524,11.2457,61778303.0,2393439490.0,0.0258,53,Monitor
9,Figure Heloc,FIGR_HELOC,102.89,103.04,2026-10-04,13.78,2025-10-31,647.75,-0.15,-0.03488,0.7667,3.6231,45989216.0,2415487481660.0,0.0,52,Monitor
526,NovaChargeX Coin,NCX,36.33,40.1,2026-10-01,13.75,2026-06-06,191.64,-9.4,1.1791,2.9809,18.8667,69443588.0,4360176295.0,0.0159,52,Monitor
555,Unitas,UP,19.21,49.74,2026-08-31,6.26,2026-03-14,694.57,-61.38,-13.63223,-30.7992,-58.4948,263591896.0,4149110021.0,0.0635,52,Monitor
624,Euler,EUL,144.93,1357.96,2025-07-10,68.23,2026-03-29,1890.27,-89.33,4.28644,-5.0944,10.7409,226224411.0,3484399264.0,0.0649,52,Monitor
19,Rain,RAIN,1.086,1.85,2026-08-25,0.196087,2025-09-14,843.46,-41.3,-3.62204,-10.1152,-31.7767,1860673684.0,770307764786.0,0.0024,51,Monitor
425,Marscat Token,MCAT,64.56,114.25,2026-09-19,20.82,2026-09-16,448.75,-43.49,-4.80275,-13.8545,,151504096.0,6072648046.0,0.0249,51,Monitor
495,Lombard,BARD,13.13,156.09,2026-03-05,9.62,2026-08-18,1522.56,-91.59,0.40312,-8.6229,11.5728,131387372.0,4777361518.0,0.0275,51,Monitor
937,Moonbirds,BIRB,6.28,42.97,2026-01-28,4.29,2026-08-03,901.63,-85.39,3.58559,-8.0474,5.182,115048311.0,1789877185.0,0.0643,51,Monitor
293,3Jane USD3,USD3,114.04,117.98,2026-09-17,110.52,2026-09-17,6.75,-3.34,0.00255,-0.083,0.6099,52798198.0,9699705822.0,0.0054,50,Monitor
599,Capricorn,APR,13.16,64.86,2025-10-23,5.83,2026-02-05,1012.52,-79.71,-1.09936,-4.8945,-36.1532,114046600.0,3656179479.0,0.0312,50,Monitor
774,Cysic,CYS,15.55,169.79,2026-08-15,11.39,2026-09-14,1390.69,-90.84,-1.35095,-4.6746,-33.9666,238072515.0,2500807145.0,0.0952,50,Monitor
934,wojak,WOJAK,5.9e-06,1.645e-05,2026-06-20,1.25e-06,2026-03-28,1216.0,-64.13,4.86069,11.4936,3.8115,90962427.0,1804855722.0,0.0504,50,Monitor
964,Cluster Protocol,CP,1.21,4.37,2026-09-02,1.11,2026-09-15,293.69,-72.31,0.83379,-5.3071,-59.2552,80621907.0,1656597177.0,0.0487,50,Monitor
335,Goldfish Gold,GGBR,397.51,494.23,2026-03-02,175.07,2026-09-01,182.3,-19.57,-0.2603,-3.1052,-5.9788,11374230.0,8061230816.0,0.0014,49,Weak
476,Holoworld,HOLO,6.38,68.6,2025-09-11,4.52,2026-02-05,1417.7,-90.7,0.46426,-3.2846,4.0669,86560296.0,5013308187.0,0.0173,49,Weak
801,Impossible Cloud Network Token,ICNT,9.45,52.99,2025-12-19,7.76,2026-09-16,582.86,-82.17,1.2945,-1.3645,-14.1638,55677546.0,2390186755.0,0.0233,49,Weak
943,OpenServ,SERV,2.28,11.81,2024-12-20,0.568004,2024-11-19,1979.21,-80.69,9.79936,-0.3893,29.8706,66566788.0,1756938365.0,0.0379,49,Weak
963,STANDARD,STANDARD,19.54,43.66,2026-09-15,17.1,2026-09-22,155.32,-55.25,-3.96921,-15.1061,,51094997.0,1658451930.0,0.0308,49,Weak
326,YZY,YZY,27.72,256.55,2025-08-20,16.72,2025-10-10,1434.39,-89.2,-0.13589,0.007,-0.029,18681710.0,8288094956.0,0.0023,48,Weak
382,UnifAI Network,UAI,28.67,79.97,2026-09-12,5.32,2025-11-06,1403.2,-64.15,-2.75789,-4.6789,-39.9135,153750347.0,6851779451.0,0.0224,48,Weak
401,Hastra AUTO,AUTO,98.31,98.46,2026-10-05,95.62,2026-08-05,2.97,-0.15,-0.11541,0.1773,0.6498,30442352.0,6422404740.0,0.0047,48,Weak
450,FONQ,FONQ,7.87,8.58,2026-07-30,3.9,2026-08-03,120.0,-8.28,0.90742,1.9034,6.569,17018114.0,5505499020.0,0.0031,48,Weak
475,USDu,USDU,96.17,96.81,2026-07-24,85.72,2025-12-23,12.94,-0.66,-0.10891,0.076,0.0018,36014471.0,5019376230.0,0.0072,48,Weak
690,Chump Coin,CHUMP,3.02,5.42,2026-09-03,1.04,2026-08-26,421.15,-44.28,-5.95145,-4.7573,-21.9526,158849575.0,3014490554.0,0.0527,48,Weak
854,DebtReliefBot,DRB,0.0211417,0.03554849,2025-03-11,0.00193354,2025-06-22,1738.52,-40.53,-0.59942,12.8231,45.5497,46422594.0,2114200343.0,0.022,48,Weak
907,GameBuild,GAME,0.097676,0.767526,2024-05-14,0.062827,2026-08-19,1121.65,-87.27,1.26183,-3.4558,21.1142,30002436.0,1906504428.0,0.0157,48,Weak
434,MEME HORSE,MHORSE,5.82,11.41,2026-06-18,0.931524,2026-02-11,1124.87,-48.99,-0.1412,0.0108,-0.0395,12874025.0,5822635102.0,0.0022,47,Weak
562,ETHGas,GWEI,2.06,23.31,2026-06-29,1.38,2026-07-31,1589.13,-91.16,0.21522,-0.3789,-13.4265,223739480.0,4070790604.0,0.055,47,Weak
264,BCGame Coin,BC,3.62,3.92,2026-08-27,0.250147,2025-04-06,1467.08,-7.65,1.92265,-0.9783,18.524,23702068.0,11558449108.0,0.0021,46,Weak
959,A Hunters Dream,CAW,2.52e-06,1.29e-05,2023-04-13,1.71e-06,2026-02-28,654.39,-80.47,1.06029,4.8511,-8.1748,21473958.0,1682033241.0,0.0128,46,Weak
464,ARIA NETWORK,ARIAX,26.31,26.52,2026-10-04,22.09,2026-09-10,20.05,-0.79,4.39339,4.9919,,110807583.0,5262566928.0,0.0211,45,Weak
591,SQD,SQD,2.84,24.33,2025-06-11,1.93,2024-11-16,1160.62,-88.33,4.54215,-1.345,-13.4074,102080995.0,3718812967.0,0.0274,44,Weak
793,AntFun,ANTFUN,1.29,8.78,2026-09-15,0.588483,2026-09-21,1391.97,-85.31,0.94067,4.8454,-80.0395,158764973.0,2432458876.0,0.0653,44,Weak
865,Tread.fi,TREAD,113.08,129.98,2026-09-27,31.32,2026-09-16,315.01,-13.0,-1.05398,11.8504,,97110346.0,2067013544.0,0.047,44,Weak
309,Dog (Bitcoin),DOG,0.090763,0.841438,2024-12-11,0.052796,2026-06-24,1493.75,-89.21,-0.61761,-7.0727,-21.4452,55520570.0,9074700197.0,0.0061,43,Weak
635,SentismAI,SENTIS,17.0,46.05,2025-12-17,2.4,2025-11-10,1818.75,-63.08,-0.34024,-1.8905,-15.5038,85795242.0,3331917585.0,0.0257,43,Weak
834,Yield Basis,YB,8.51,72.07,2025-10-15,5.92,2026-07-30,1117.4,-88.19,-0.37896,-1.0398,-8.5778,71370187.0,2205542847.0,0.0324,43,Weak
848,BabyCashCat,BABY,2.14,2.15,2026-10-04,0.565081,2026-10-03,280.48,-0.47,277.84759,,,260451922.0,2142691416.0,0.1216,43,Weak
499,Nexus,NEX,7.9e-05,0.00066973,2026-05-21,7.692e-05,2026-09-23,770.68,-88.2,-1.31218,-1.2907,-43.083,17162277.0,4739016187.0,0.0036,42,Weak
751,Fogo,FOGO,0.500888,5.65,2026-01-15,0.487433,2026-09-29,1059.13,-91.13,-0.57263,-8.9788,-27.3962,96516598.0,2619751856.0,0.0368,42,Weak
948,MarsMi,MARSMI,1.73,16.22,2025-07-27,1.097,2026-06-06,1378.58,-89.33,0.13721,-1.3527,7.3647,35493114.0,1733961761.0,0.0205,42,Weak
669,REAL,ASSET,17.99,28.56,2026-07-03,4.09,2026-04-30,598.29,-37.01,-4.17397,-4.6877,-24.3947,35087403.0,3167147298.0,0.0111,40,Weak
598,XPIN Network,XPIN,0.086808,0.877925,2025-10-23,0.0455974,2025-08-22,1825.38,-90.11,0.94987,2.6196,-16.2712,72767994.0,3681102063.0,0.0198,38,Weak
698,SAFEbit,SAFE,4.2,44.74,2025-10-03,3.88,2026-04-07,1053.09,-90.61,0.77056,-14.5317,-80.3017,10053868.0,2990479048.0,0.0034,37,Weak
877,Scandic Coin,SNC,16.12,17.03,2026-09-15,6.98,2026-06-17,143.98,-5.34,-0.23588,-0.3013,-5.1023,16668966.0,2032538508.0,0.0082,37,Weak
857,MetYa,MY,2.14,41.76,2025-01-15,2.03,2026-10-04,1957.14,-94.88,0.73888,-10.7017,-23.9015,10908553.0,2106348386.0,0.0052,28,Weak
